[
  {
    "image": "https://bigboysleague--1--1734761983633854436.s3.ap-south-1.amazonaws.com/images/gal_7.png",
    "description": "Team celebrating the victory"
  },
  {
    "image": "https://bigboysleague--1--1734761983633854436.s3.ap-south-1.amazonaws.com/images/gal_6.png",
    "description": "Player hitting a six"
  },
  {
    "image": "https://bigboysleague--1--1734761983633854436.s3.ap-south-1.amazonaws.com/images/gal_3.png",
    "description": "Trophies lined up for the champions"
  },
  {
    "image": "https://bigboysleague--1--1734761983633854436.s3.ap-south-1.amazonaws.com/images/bbl_logo.jpeg",
    "description": "Big Boys League banner"
  },
  {
    "image": "https://bigboysleague--1--1734761983633854436.s3.ap-south-1.amazonaws.com/images/gal_4.png",
    "description": "Trophy closeup"
  },
  {
    "image": "https://bigboysleague--1--1734761983633854436.s3.ap-south-1.amazonaws.com/images/gal_1.png",
    "description": "Team group photo"
  },
  {
    "image": "https://bigboysleague--1--1734761983633854436.s3.ap-south-1.amazonaws.com/images/gal_5.png",
    "description": "Players warming up on the field"
  },
  {
    "image": "https://bigboysleague--1--1734761983633854436.s3.ap-south-1.amazonaws.com/images/gal_2.png",
    "description": "Champions celebrating with trophies"
  },

  {
    "image": "https://bigboysleague--1--1734761983633854436.s3.ap-south-1.amazonaws.com/images/gal_8.jpeg",
    "description": ""
  },
  {
    "image": "https://bigboysleague--1--1734761983633854436.s3.ap-south-1.amazonaws.com/images/gal_9.jpeg",
    "description": ""
  },
  {
    "image": "https://bigboysleague--1--1734761983633854436.s3.ap-south-1.amazonaws.com/images/gal_10.jpeg",
    "description": ""
  },
  {
    "image": "https://bigboysleague--1--1734761983633854436.s3.ap-south-1.amazonaws.com/images/gal_11.jpeg",
    "description": ""
  },
  {
    "image": "https://bigboysleague--1--1734761983633854436.s3.ap-south-1.amazonaws.com/images/gal_12.jpeg",
    "description": ""
  },
  {
    "image": "https://bigboysleague--1--1734761983633854436.s3.ap-south-1.amazonaws.com/images/gal_13.jpeg",
    "description": ""
  },
  {
    "image": "https://bigboysleague--1--1734761983633854436.s3.ap-south-1.amazonaws.com/images/gal_14.jpeg",
    "description": ""
  },
  {
    "image": "https://bigboysleague--1--1734761983633854436.s3.ap-south-1.amazonaws.com/images/gal_15.jpeg",
    "description": ""
  },
  {
    "image": "https://bigboysleague--1--1734761983633854436.s3.ap-south-1.amazonaws.com/images/gal_16.jpeg",
    "description": ""
  },
  {
    "image": "https://bigboysleague--1--1734761983633854436.s3.ap-south-1.amazonaws.com/images/gal_17.jpeg",
    "description": ""
  },
  {
    "image": "https://bigboysleague--1--1734761983633854436.s3.ap-south-1.amazonaws.com/images/gal_18.jpeg",
    "description": ""
  },
  {
    "image": "https://bigboysleague--1--1734761983633854436.s3.ap-south-1.amazonaws.com/images/gal_19.jpeg",
    "description": ""
  },
  {
    "image": "https://bigboysleague--1--1734761983633854436.s3.ap-south-1.amazonaws.com/images/gal_20.jpeg",
    "description": ""
  },
  {
    "image": "https://bigboysleague--1--1734761983633854436.s3.ap-south-1.amazonaws.com/images/gal_21.jpeg",
    "description": ""
  },
  {
    "image": "https://bigboysleague--1--1734761983633854436.s3.ap-south-1.amazonaws.com/images/gal_22.jpeg",
    "description": ""
  },
  {
    "image": "https://bigboysleague--1--1734761983633854436.s3.ap-south-1.amazonaws.com/images/gal_23.jpeg",
    "description": ""
  },
  {
    "image": "https://bigboysleague--1--1734761983633854436.s3.ap-south-1.amazonaws.com/images/gal_24.jpeg",
    "description": ""
  },
  {
    "image": "https://bigboysleague--1--1734761983633854436.s3.ap-south-1.amazonaws.com/images/gal_25.jpeg",
    "description": ""
  },
  {
    "image": "https://bigboysleague--1--1734761983633854436.s3.ap-south-1.amazonaws.com/images/gal_26.jpeg",
    "description": ""
  }
]